Workbook

Sheet Dashboard
B2: Shelter Camps – Beneficiary Registry Dashboard
B3: Sample portfolio file – all names, phone numbers and figures are fictional. Updates automatically from the Registry sheet.
B5: Families registered | C5: Individuals | D5: Avg. family size | E5: High-priority families | F5: Children under 5 | G5: Verified records
B6: =COUNTA(Registry!$A$2:$A$301) -> 300 | C6: =SUM(Registry!$G$2:$G$301) -> 1852 | D6: =ROUND(AVERAGE(Registry!$G$2:$G$301),1) -> 6.2 | E6: =COUNTIF(Registry!$O$2:$O$301,"High") -> 39 | F6: =SUM(Registry!$H$2:$H$301) -> 254 | G6: =COUNTIF(Registry!$M$2:$M$301,"Verified")/COUNTA(Registry!$A$2:$A$301) -> 0.57333333
B8: Breakdown by camp
B9: Camp | C9: Families | D9: Individuals | E9: High priority | F9: Children <5 | G9: Verified %
B10: Al-Amal | C10: =COUNTIF(Registry!$E$2:$E$301,B10) -> 63 | D10: =SUMIF(Registry!$E$2:$E$301,B10,Registry!$G$2:$G$301) -> 362 | E10: =COUNTIFS(Registry!$E$2:$E$301,B10,Registry!$O$2:$O$301,"High") -> 6 | F10: =SUMIF(Registry!$E$2:$E$301,B10,Registry!$H$2:$H$301) -> 49 | G10: =IFERROR(COUNTIFS(Registry!$E$2:$E$301,B10,Registry!$M$2:$M$301,"Verified")/C10,0) -> 0.61904762
B11: Al-Noor | C11: =COUNTIF(Registry!$E$2:$E$301,B11) -> 69 | D11: =SUMIF(Registry!$E$2:$E$301,B11,Registry!$G$2:$G$301) -> 430 | E11: =COUNTIFS(Registry!$E$2:$E$301,B11,Registry!$O$2:$O$301,"High") -> 6 | F11: =SUMIF(Registry!$E$2:$E$301,B11,Registry!$H$2:$H$301) -> 58 | G11: =IFERROR(COUNTIFS(Registry!$E$2:$E$301,B11,Registry!$M$2:$M$301,"Verified")/C11,0) -> 0.55072464
B12: Al-Fajr | C12: =COUNTIF(Registry!$E$2:$E$301,B12) -> 58 | D12: =SUMIF(Registry!$E$2:$E$301,B12,Registry!$G$2:$G$301) -> 350 | E12: =COUNTIFS(Registry!$E$2:$E$301,B12,Registry!$O$2:$O$301,"High") -> 11 | F12: =SUMIF(Registry!$E$2:$E$301,B12,Registry!$H$2:$H$301) -> 48 | G12: =IFERROR(COUNTIFS(Registry!$E$2:$E$301,B12,Registry!$M$2:$M$301,"Verified")/C12,0) -> 0.62068966
B13: Al-Rahma | C13: =COUNTIF(Registry!$E$2:$E$301,B13) -> 58 | D13: =SUMIF(Registry!$E$2:$E$301,B13,Registry!$G$2:$G$301) -> 369 | E13: =COUNTIFS(Registry!$E$2:$E$301,B13,Registry!$O$2:$O$301,"High") -> 9 | F13: =SUMIF(Registry!$E$2:$E$301,B13,Registry!$H$2:$H$301) -> 53 | G13: =IFERROR(COUNTIFS(Registry!$E$2:$E$301,B13,Registry!$M$2:$M$301,"Verified")/C13,0) -> 0.53448276
B14: Al-Wafa | C14: =COUNTIF(Registry!$E$2:$E$301,B14) -> 52 | D14: =SUMIF(Registry!$E$2:$E$301,B14,Registry!$G$2:$G$301) -> 341 | E14: =COUNTIFS(Registry!$E$2:$E$301,B14,Registry!$O$2:$O$301,"High") -> 7 | F14: =SUMIF(Registry!$E$2:$E$301,B14,Registry!$H$2:$H$301) -> 46 | G14: =IFERROR(COUNTIFS(Registry!$E$2:$E$301,B14,Registry!$M$2:$M$301,"Verified")/C14,0) -> 0.53846154
B15: Total | C15: =SUM(C10:C14) -> 300 | D15: =SUM(D10:D14) -> 1852 | E15: =SUM(E10:E14) -> 39 | F15: =SUM(F10:F14) -> 254 | G15: =IFERROR(COUNTIF(Registry!$M$2:$M$301,"Verified")/C15,0) -> 0.57333333
B17: Priority distribution
B18: Priority | C18: Families | D18: Share
B19: High | C19: =COUNTIF(Registry!$O$2:$O$301,B19) -> 39 | D19: =IFERROR(C19/SUM($C$19:$C$21),0) -> 0.13
B20: Medium | C20: =COUNTIF(Registry!$O$2:$O$301,B20) -> 178 | D20: =IFERROR(C20/SUM($C$19:$C$21),0) -> 0.59333333
B21: Low | C21: =COUNTIF(Registry!$O$2:$O$301,B21) -> 83 | D21: =IFERROR(C21/SUM($C$19:$C$21),0) -> 0.27666667
B23: How the score works
B24: Vulnerability score (0–10) = children under 5 + elderly 60+ + 2 × persons with disability
B25: +1 if female-headed household, +1 if family size 5–6 (+2 if 7+), +1 if living in a tent.
B26: Priority: High = 6+, Medium = 3–5, Low = 0–2. Change any row in Registry and every figure updates.

Sheet Registry
A1: Family ID | B1: Head of Household | C1: Gender | D1: Age | E1: Camp | F1: Shelter Type | G1: Family Size | H1: Children <5 | I1: Elderly 60+ | J1: Persons w/ Disability | K1: Phone | L1: Registration Date | M1: Status | N1: Vulnerability Score | O1: Priority
A2: FAM-1001 | B2: Ahmad Darwish | C2: Male | D2: 21 | E2: Al-Amal | F2: Tent | G2: 4 | H2: 0 | I2: 0 | J2: 0 | K2: 0598-189-704 | L2: 46293 | M2: Verified | N2: =MIN(10,H2+I2+2*J2+IF(C2="Female",1,0)+IF(G2>=7,2,IF(G2>=5,1,0))+IF(F2="Tent",1,0)) -> 1 | O2: =IF(N2>=6,"High",IF(N2>=3,"Medium","Low")) -> Low
A3: FAM-1002 | B3: Saleh Barakat | C3: Male | D3: 67 | E3: Al-Noor | F3: Shared hall | G3: 8 | H3: 1 | I3: 0 | J3: 0 | K3: 0594-928-990 | L3: 46266 | M3: Verified | N3: =MIN(10,H3+I3+2*J3+IF(C3="Female",1,0)+IF(G3>=7,2,IF(G3>=5,1,0))+IF(F3="Tent",1,0)) -> 3 | O3: =IF(N3>=6,"High",IF(N3>=3,"Medium","Low")) -> Medium
A4: FAM-1003 | B4: Salma Khalil | C4: Female | D4: 53 | E4: Al-Amal | F4: Damaged house | G4: 3 | H4: 0 | I4: 0 | J4: 0 | K4: 0594-926-144 | L4: 46295 | M4: Verified | N4: =MIN(10,H4+I4+2*J4+IF(C4="Female",1,0)+IF(G4>=7,2,IF(G4>=5,1,0))+IF(F4="Tent",1,0)) -> 1 | O4: =IF(N4>=6,"High",IF(N4>=3,"Medium","Low")) -> Low
A5: FAM-1004 | B5: Wael Zaqout | C5: Male | D5: 74 | E5: Al-Amal | F5: Tent | G5: 6 | H5: 1 | I5: 0 | J5: 0 | K5: 0594-181-975 | L5: 46280 | M5: Verified | N5: =MIN(10,H5+I5+2*J5+IF(C5="Female",1,0)+IF(G5>=7,2,IF(G5>=5,1,0))+IF(F5="Tent",1,0)) -> 3 | O5: =IF(N5>=6,"High",IF(N5>=3,"Medium","Low")) -> Medium
A6: FAM-1005 | B6: Ibrahim Zaqout | C6: Male | D6: 53 | E6: Al-Noor | F6: Tent | G6: 5 | H6: 1 | I6: 1 | J6: 0 | K6: 0591-723-750 | L6: 46276 | M6: Verified | N6: =MIN(10,H6+I6+2*J6+IF(C6="Female",1,0)+IF(G6>=7,2,IF(G6>=5,1,0))+IF(F6="Tent",1,0)) -> 4 | O6: =IF(N6>=6,"High",IF(N6>=3,"Medium","Low")) -> Medium
A7: FAM-1006 | B7: Saleh Shaheen | C7: Male | D7: 36 | E7: Al-Amal | F7: Tent | G7: 7 | H7: 2 | I7: 1 | J7: 0 | K7: 0590-924-423 | L7: 46291 | M7: Pending update | N7: =MIN(10,H7+I7+2*J7+IF(C7="Female",1,0)+IF(G7>=7,2,IF(G7>=5,1,0))+IF(F7="Tent",1,0)) -> 6 | O7: =IF(N7>=6,"High",IF(N7>=3,"Medium","Low")) -> High
A8: FAM-1007 | B8: Nader Barakat | C8: Male | D8: 53 | E8: Al-Fajr | F8: Shared hall | G8: 7 | H8: 0 | I8: 1 | J8: 0 | K8: 0594-242-352 | L8: 46301 | M8: Verified | N8: =MIN(10,H8+I8+2*J8+IF(C8="Female",1,0)+IF(G8>=7,2,IF(G8>=5,1,0))+IF(F8="Tent",1,0)) -> 3 | O8: =IF(N8>=6,"High",IF(N8>=3,"Medium","Low")) -> Medium
A9: FAM-1008 | B9: Bilal Shaheen | C9: Male | D9: 69 | E9: Al-Rahma | F9: Caravan | G9: 11 | H9: 0 | I9: 0 | J9: 0 | K9: 0591-256-742 | L9: 46276 | M9: Verified | N9: =MIN(10,H9+I9+2*J9+IF(C9="Female",1,0)+IF(G9>=7,2,IF(G9>=5,1,0))+IF(F9="Tent",1,0)) -> 2 | O9: =IF(N9>=6,"High",IF(N9>=3,"Medium","Low")) -> Low
A10: FAM-1009 | B10: Ziad Salem | C10: Male | D10: 68 | E10: Al-Fajr | F10: Tent | G10: 4 | H10: 1 | I10: 2 | J10: 0 | K10: 0591-798-649 | L10: 46283 | M10: Verified | N10: =MIN(10,H10+I10+2*J10+IF(C10="Female",1,0)+IF(G10>=7,2,IF(G10>=5,1,0))+IF(F10="Tent",1,0)) -> 4 | O10: =IF(N10>=6,"High",IF(N10>=3,"Medium","Low")) -> Medium
A11: FAM-1010 | B11: Tariq Salem | C11: Male | D11: 42 | E11: Al-Noor | F11: Caravan | G11: 8 | H11: 1 | I11: 0 | J11: 0 | K11: 0598-723-303 | L11: 46275 | M11: Registered | N11: =MIN(10,H11+I11+2*J11+IF(C11="Female",1,0)+IF(G11>=7,2,IF(G11>=5,1,0))+IF(F11="Tent",1,0)) -> 3 | O11: =IF(N11>=6,"High",IF(N11>=3,"Medium","Low")) -> Medium
A12: FAM-1011 | B12: Ahmad Matar | C12: Male | D12: 75 | E12: Al-Wafa | F12: Damaged house | G12: 5 | H12: 0 | I12: 1 | J12: 1 | K12: 0594-345-159 | L12: 46281 | M12: Verified | N12: =MIN(10,H12+I12+2*J12+IF(C12="Female",1,0)+IF(G12>=7,2,IF(G12>=5,1,0))+IF(F12="Tent",1,0)) -> 4 | O12: =IF(N12>=6,"High",IF(N12>=3,"Medium","Low")) -> Medium
A13: FAM-1012 | B13: Khaled Najjar | C13: Male | D13: 46 | E13: Al-Noor | F13: Damaged house | G13: 8 | H13: 0 | I13: 0 | J13: 0 | K13: 0594-640-993 | L13: 46304 | M13: Registered | N13: =MIN(10,H13+I13+2*J13+IF(C13="Female",1,0)+IF(G13>=7,2,IF(G13>=5,1,0))+IF(F13="Tent",1,0)) -> 2 | O13: =IF(N13>=6,"High",IF(N13>=3,"Medium","Low")) -> Low
... A301: FAM-1300 | B301: Fadi Saleh | C301: Male | D301: 41 | E301: Al-Wafa | F301: Tent | G301: 6 | H301: 1 | I301: 0 | J301: 0 | K301: 0599-146-817 | L301: 46270 | M301: Registered | N301: =MIN(10,H301+I301+2*J301+IF(C301="Female",1,0)+IF(G301>=7,2,IF(G301>=5,1,0))+IF(F301="Tent",1,0)) -> 3 | O301: =IF(N301>=6,"High",IF(N301>=3,"Medium","Low")) -> Medium

Sheet Lists
A1: Camp | B1: Shelter type | C1: Status | D1: Gender
A2: Al-Amal | B2: Tent | C2: Verified | D2: Male
A3: Al-Noor | B3: Caravan | C3: Registered | D3: Female
A4: Al-Fajr | B4: Shared hall | C4: Pending update
A5: Al-Rahma | B5: Damaged house
A6: Al-Wafa
